Feature,Mean Importance,Std Importance,Coefficient of Variation (CV)
credit_type_EQUI,0.72193,0.01489,0.0206
lump_sum_payment_lpsm,0.04295,0.00193,0.0449
neg_ammortization_neg_amm,0.02265,0.00135,0.0598
credit_worthiness_l1,0.01509,0.0025,0.1657
submission_of_application_not_inst,0.01429,0.0015,0.1049
loan_limit_cf,0.01141,0.00172,0.1506
loan_type_type1,0.0091,0.00084,0.0927
total_units_1U,0.00828,0.00155,0.1874
dtir1,0.00792,0.00077,0.0977
ltv,0.00737,0.00051,0.0686
occupancy_type_pr,0.00672,0.00113,0.1687
approv_in_adv_nopre,0.00669,0.00151,0.2252
business_or_commercial_b/c,0.00664,0.0014,0.211
loan_purpose_p1,0.00633,0.00137,0.2161
occupancy_type_ir,0.00632,0.00164,0.2591
loan_type_type2,0.00522,0.00162,0.3098
interest_only_int_only,0.00509,0.00051,0.1002
loan_type_type3,0.00502,0.00095,0.19
gender_Joint,0.00499,0.00123,0.2459
income,0.00471,0.00022,0.0464
property_value,0.00448,0.00028,0.0621
loan_purpose_p2,0.00396,0.00093,0.2349
loan_purpose_p4,0.00382,0.00056,0.1472
security_type_Indriect,0.0037,0.00047,0.1263
loan_purpose_p3,0.00333,0.00039,0.1166
region_North,0.0032,0.00027,0.0839
loan_amount,0.00301,0.00029,0.097
co-applicant_credit_type_CIB,0.00288,0.00046,0.1608
term,0.00276,0.00025,0.0888
construction_type_mh,0.00263,0.00105,0.3974
region_North-East,0.00263,0.00039,0.147
age_45-54,0.00254,0.00025,0.0979
age_25-34,0.00239,0.00029,0.123
senior_age,0.00238,0.00016,0.0664
age_35-44,0.00231,0.00013,0.0548
occupancy_type_sr,0.00223,0.00026,0.118
age_>74,0.00221,0.00016,0.0705
age_65-74,0.0022,0.00022,0.0984
region_central,0.00219,0.00025,0.1151
gender_Female,0.00217,0.00038,0.1774
gender_Male,0.00214,0.00023,0.1067
credit_score,0.00213,0.00015,0.0719
total_units_2U,0.00207,0.00037,0.1789
credit_type_CIB,0.002,0.00027,0.1336
credit_type_CRIF,0.00189,0.00045,0.2381
age_55-64,0.00189,0.00013,0.0678
credit_type_EXP,0.00188,0.00013,0.0678
gender_Sex Not Available,0.00186,0.00018,0.098
age_<25,0.00175,0.00031,0.1793
region_south,0.0017,0.0002,0.1161
total_units_4U,0.00149,0.00162,1.09
total_units_3U,0.00128,0.0005,0.3958
open_credit_nopc,0.00109,0.00019,0.1773
secured_by_home,0.00108,0.00095,0.8796
neg_ammortization_not_neg,0.0,0.0,
credit_worthiness_l2,0.0,0.0,
open_credit_opc,0.0,0.0,
loan_limit_ncf,0.0,0.0,
approv_in_adv_pre,0.0,0.0,
lump_sum_payment_not_lpsm,0.0,0.0,
interest_only_not_int,0.0,0.0,
business_or_commercial_nob/c,0.0,0.0,
secured_by_land,0.0,0.0,
construction_type_sb,0.0,0.0,
co-applicant_credit_type_EXP,0.0,0.0,
submission_of_application_to_inst,0.0,0.0,
security_type_direct,0.0,0.0,
